uid,body,title,url,newspaper_uid,host,n_tokens_title,n_tokens_body
5ef9647a5e0c42cb0650128d16077edf,"Luis Fernando Sánchez lleva 15 años liderando la Fundación Planeta Azul Caribe, que busca crear conciencia sobre el valor del caño Juan Angola y la necesidad de recuperarlo entre todos. (Lea aquí: El caño Juan Angola sí tiene dolientes)","[Video] Luis Fernando, el hombre que sueña con mejorar el caño Juan Angola",https://www.eluniversal.com.co/multimedia/video-luis-fernando-el-hombre-que-suena-con-mejorar-el-cano-juan-angola-BX5819470,eluniversal,www.eluniversal.com.co,9,25
72709636297ae012421efac327240580,"Edwin Quintana, quien ya compró su boleta para ver el juego de Colombia ante Perú, este viernes, a las 4 de la tarde, en Barranquilla, dijo que: “si Lucho Díaz juega como lo hizo en la Copa América y como lo viene haciendo en el Porto, póngale la firma que ganamos”. Lea aquí: James y Falcao: ¡por la revancha con la selección Colombia!","Luis Díaz, la ficha clave de la selección Colombia ante Perú ",https://www.eluniversal.com.co/deportes/luis-diaz-la-ficha-clave-de-la-seleccion-colombia-ante-peru-BJ6029201,eluniversal,www.eluniversal.com.co,7,32
ee078cbf9ad0f942a9ef35e1d8b251fd,"La agencia AFP consultó esa lista este martes (25.01.2022), y en ella también se ha incluido a una de las más cercanas colaboradoras de Navalny, Liubov Sobol, que decidió exiliarse ante el acoso de las autoridades.",Rusia incluye al opositor encarcelado Navalni en la lista de “terroristas y extremistas”,https://www.eluniversal.com.co/mundo/rusia-incluye-al-opositor-encarcelado-navalni-en-la-lista-de-terroristas-y-extremistas-JI6028038,eluniversal,www.eluniversal.com.co,8,15
0a47a3de2199cd935955a06d89b147af,"Cartagena fue noticia nacional la semana pasada por dos bochornosos hechos: primero, por la casa por cárcel a su concejal del Partido Liberal y hasta hace poco presidenta del Concejo, Gloria Estrada Benavides, y, luego, por la desafortunada arremetida del alcalde William Dau contra los entes de control.",Doble golpe a la institucionalidad,https://www.eluniversal.com.co/opinion/columna/doble-golpe-a-la-institucionalidad-YE6017551,eluniversal,www.eluniversal.com.co,3,28
8e58a14bd82417ee89673256e8700708,"Al transitar por las vías interdepartamentales de Bolívar, en poblaciones como San Jacinto y El Carmen de Bolívar, un paisaje disruptivo se levanta en el horizonte: una hilera de montañas colonizando las nubes. Una naturaleza incólume en medio de un territorio que se discuten el mar y la sabana: la región Caribe. Sin embargo, ese verdor por muchos años fue pintado con el rojo de la sangre, debido a la violencia.",Bolívar: zona de riesgo electoral según la Moe. ¿Qué harán las autoridades?,https://www.eluniversal.com.co/politica/bolivar-zona-de-riesgo-electoral-segun-la-moe-que-haran-las-autoridades-BC6026636,eluniversal,www.eluniversal.com.co,8,34
cd6c59e12fb14e04de279edd6c16b761,"La Policía Nacional continúa realizado operativos en la ciudad de Sincelejo, bajo la dirección y la presencia del coronel Ricardo Sánchez Silvestre, comandante del organismo armado en el departamento de Sucre.","Con operativos de control, autoridades se tomaron zona sur de Sincelejo",https://www.eluniversal.com.co/sucesos/con-operativos-de-control-autoridades-se-tomaron-zona-sur-de-sincelejo-IC6026280,eluniversal,www.eluniversal.com.co,7,19
40a596dcd9003f4852b5965e3fd18348,"Durante nueve horas el caos se apoderó de las vías de la ciudad por el paro de conductores de buses de Olaya Herrera y Ternera - San José, que empezó a las 6 de la mañana de ayer en la glorieta de El Pozón. El fin de las manifestaciones fue llamar la atención del Distrito tras la decisión de un juez que obligó a sacar de las vías a estas dos rutas. (Lea: Conductores de buses de Ternera llegan a un acuerdo con el Distrito)",Protesta de buseteros: nueve horas de caos y sin acuerdos,https://www.eluniversal.com.co/cartagena/protesta-de-buseteros-nueve-horas-de-caos-y-sin-acuerdos-KC6026837,eluniversal,www.eluniversal.com.co,6,39
ab881eda590e341d8adbf837b37e29d9,"Tras la tercera cirugía a la que fue sometido luego de su duro accidente, Egan Bernal continúa en la Unidad de Cuidados Intensivos de la Clínica de La Sabana, en donde recibió “manejo ventilatorio, hemodinámico e inotrópico, para darle mejor soporte”.",A Egan Bernal le tratan una infección y contusión pulmonar,https://www.eluniversal.com.co/deportes/ciclismo/a-egan-bernal-le-tratan-una-infeccion-y-contusion-pulmonar-CJ6029037,eluniversal,www.eluniversal.com.co,6,23
d6e2beae0ff6f9f588d86d4dd30ad3a7,"La oposición a las vacunas y a las restricciones adoptadas por el Ejecutivo para contener la pandemia se han traducido en Francia en una explosión de las agresiones, físicas o verbales, sufridas por cargos públicos, en un contexto preelectoral que alimenta la violencia.",El frente antivacunas desata la violencia contra cargos públicos en Francia,https://www.eluniversal.com.co/mundo/el-frente-antivacunas-desata-la-violencia-contra-cargos-publicos-en-francia-HD6027977,eluniversal,www.eluniversal.com.co,7,20
d5c393315ddb85aaffc79b66545e50fc,"Con los avances de la tecnología las máquinas han desplazado a las personas en múltiples oficios; en muchos casos un robot o un sofisticado aparato desarrolla complejas tareas que no podrían ejecutar equipos completos de hombres y mujeres, pero entre los grandes vacíos de la galopante modernización está la pretendida mecanización de los servicios de atención personalizada.",Ruido en los call centers,https://www.eluniversal.com.co/opinion/columna/ruido-en-los-call-centers-JD6027281,eluniversal,www.eluniversal.com.co,3,29
92a4f0552a5cddf5b162985844646a22,"Durante los últimos años y gracias a la nueva realidad, se destaca la inclinación por pasar más tiempo en casa y con ello la necesidad de generar espacios idóneos para disfrutar de mejores experiencias al interior del hogar. Es por esto que, invertir más en los hogares para que tengan mejores comodidades e incluso, sean más elegantes, se ha convertido en tendencia. Prueba de ello es la remodelación de los espacios y la llegada de los electrodomésticos de lujo que se prevé siga creciendo en este 2022.","Remodelaciones de lujo, la tendencia para el 2022",https://www.eluniversal.com.co/viernes/remodelaciones-de-lujo-la-tendencia-para-el-2022-YC6004980,eluniversal,www.eluniversal.com.co,3,38
a342cbc243e70e7879379ca1a690cfce,"Las raíces dominicanas de Leslie Grace son muy fuertes, tanto, que la cobijan una y otra vez por medio de su música y en ese ir y venir, surgen temas que la ubican como la figura femenina para internacionalizar un ritmo muy propio de la isla.","Leslie Grace, entre la música y la fantasía",https://www.eluniversal.com.co/viernes/leslie-grace-entre-la-musica-y-la-fantasia-DH5944533,eluniversal,www.eluniversal.com.co,4,20
20395a57d4375db7d382049297a890b5,"El alcalde Jaime Pumarejo Heins, dijo este lunes que Barranquilla tendrá carnaval 2022, pero a finales de marzo y no a finales de febrero como estaba programado inicialmente.","Habrá Carnaval de Barranquilla-2022 , pero a finales de marzo",https://www.eluniversal.com.co/regional/habra-carnaval-de-barranquilla-2022-pero-a-finales-de-marzo-LB6021085,eluniversal,www.eluniversal.com.co,3,14
23983356edc41e13ca46ff00ab23b1df,"A 27 se elevaron los homicidios en Cartagena en los primeros 25 días del año tras confirmarse un doble crimen que ocurrió esta madrugada en el barrio San Francisco. Le puede interesar: En enero, 25 homicidios en Cartagena: 12 sicariatos, 12 riñas y 1 atraco",Asesinan a 2 hombres en San Francisco: van 27 homicidios en Cartagena,https://www.eluniversal.com.co/sucesos/asesinan-a-2-hombres-en-san-francisco-van-27-homicidios-en-cartagena-AI6028200,eluniversal,www.eluniversal.com.co,7,23
3ac2b5359b0cdbbc7dad3e3a667b0624,"Cartagena sin duda es uno de los escenarios culturales más grandes de Colombia. Desde que comienza el año, en la ciudad se realizan grandes festivales y eventos que fomentan la economía, el turismo y por supuesto, el intercambio cultural entre cartageneros y visitantes. (Le puede interesar: 7 libros recomendados para este 2022)",Planes que no puedes perderte en Cartagena este 2022,https://www.eluniversal.com.co/cultural/planes-que-no-puedes-perderte-en-cartagena-este-2022-MJ6029248,eluniversal,www.eluniversal.com.co,4,25
3ce02de84724b4a51a48590a1e7e3cee,"Después de un año donde todo quedó aplazado y el streaming llegó a ser parte de las presentaciones, la mayoría de los artistas nacionales e internacionales reanudaron grabaciones y planes, poniendo fin a un receso obligado que en su mayoría les llevó a repensar la temática de sus propuestas.",La música y el entretenimiento se reactivan con los más grandes,https://www.eluniversal.com.co/farandula/la-musica-y-el-entretenimiento-se-reactivan-con-los-mas-grandes-HX5918768,eluniversal,www.eluniversal.com.co,4,25
ef8181e41002598f1de2d2c9041cfc7e,"Varias familias que viven en la margen derecha del Anillo Vial en pequeñas casas de tablas y zinc, han sufrido con los aguaceros de las últimas semanas.",[Video] Así viven las familias de La Boquilla tras los aguaceros en Cartagena,https://www.eluniversal.com.co/multimedia/video-asi-viven-las-familias-de-la-boquilla-tras-los-aguaceros-en-cartagena-HE5701081,eluniversal,www.eluniversal.com.co,8,15
1af62c1a70bba4ba6ea20fe9ede77361,"Un martes de carnaval, el 21 de febrero de 1943, en el Barrio Abajo, Lucho Bermúdez vio al cochero José Nicolás Ariza, disfrazado de mujer, que llevaba un ataúd en sus hombros. Cuando el peso del ataúd parecía agobiarlo, se detenía y se sentaba en el quicio de una casa, y entonces descansaba el ataúd, se sacaba un pañuelo manchado de lágrimas, y abría el ataúd y sacaba un enorme muñeco de trapo y entonces gemía: ¡Ay, Joselito! ¡Ay, Joselito Carnaval! ¡Ay, Joselito, te acabaste para siempre! Y ante el llanto de José Nicolás Ariza, que iba convirtiéndose en un llanto colectivo, aparecían otros tipos pintados de rojo y blanco, amarillo y verde, y mujeres pintorreteadas que cargaban otros ataúdes que llevaban a su vez otros enormes muñecos de trapo al que llamaban Joselito Carnaval. Aquella escena gestó el mapalé ‘Joselito Carnaval’, de Lucho Bermúdez, uno de los himnos del Carnaval de Barranquilla. Le puede interesar: Carnaval de Barranquilla: estos son los eventos previos que se cancelan.","Joselito Carnaval, el muerto que revive en los himnos de Barranquilla",https://www.eluniversal.com.co/suplementos/facetas/joselito-carnaval-el-muerto-que-revive-en-los-himnos-de-barranquilla-JA6013209,eluniversal,www.eluniversal.com.co,6,91
608b6f0860e7b80b2da833f73c1c41c0,"Mientras muchos están pensando en el outfit para las fechas especiales, es preciso centrarse en una tendencia perfecta para esta temporada de principio de año: el “nuevo natural”. Se trata del renovado interés por vivir experiencias al aire libre, ser protagonista de la aventura, con looks utilitarios y cómodos. Es por esto que te recomendamos sumar las siguientes prendas a tu clóset:",Estas vacaciones apuestan por ‘el nuevo natural’,https://www.eluniversal.com.co/viernes/estas-vacaciones-apuestan-por-el-nuevo-natural-LI5921519,eluniversal,www.eluniversal.com.co,4,32
f9528847b0ba7f9e042b99e8ffd66957,"Los ciclistas españoles, Alejandro Valverde y Alberto Contador, entre otros, desearon una pronta recuperación a Egan Bernal, en sus cuentas de Twitter tras el accidente que sufrió ayer el colombiano durante un entrenamiento en su país. Lea aquí: El grave accidente del campeón Egan Bernal que conmociona a Colombia", Valverde y Contador desean “una pronta recuperación” a Egan Bernal,https://www.eluniversal.com.co/deportes/valverde-y-contador-desean-una-pronta-recuperacion-a-egan-bernal-MD6027835,eluniversal,www.eluniversal.com.co,7,29
74aff60673aecf9a4704cd9d73b42fdb,"La prueba más dura por la que una madre puede atravesar es verse forzada por la vida a decidir si traer o no a su hijo al mundo: Andreína María Valle Barreto lo sabe porque lo vivió y, pese a saber que su niño nacería con malformaciones, decidió traerlo al mundo.",Duván David quiere caminar pese a su discapacidad,https://www.eluniversal.com.co/suplementos/facetas/duvan-david-quiere-caminar-pese-a-su-discapacidad-DA6013261,eluniversal,www.eluniversal.com.co,6,27
18fba88acd500b649d620dceff76968f,"En una carta publicada por la televisión estatal RTB al filo de la medianoche del lunes (24.01.2022), Kaboré, de 64 años, manifestó su renuncia al cargo en una misiva manuscrita dirigida al nuevo hombre fuerte del país, teniente coronel Paul Henri Sandaogo Damiba.",Dimite el presidente de Burkina Faso tras el golpe de Estado de los militares,https://www.eluniversal.com.co/mundo/dimite-el-presidente-de-burkina-faso-tras-el-golpe-de-estado-de-los-militares-AI6028552,eluniversal,www.eluniversal.com.co,7,26
f968513daa452760e45793ca927fd4a0,"Gracias a contundencia de los argumentos presentados por un fiscal URI, un juez de Control de Garantías privó de la libertad en centro carcelario a Efraín Matos Martelo y Antonio Durango Julio por su presunta responsabilidad del delito de tráfico, fabricación o porte de estupefacientes. Lea aquí: Les hallaron droga dentro de un taxi y fueron capturados, en El Pozón","A la cárcel por transportar 7 kilos de droga en un taxi, en El Pozón",https://www.eluniversal.com.co/sucesos/a-la-carcel-por-transportar-7-kilos-de-droga-en-un-taxi-en-el-pozon-DY6023454,eluniversal,www.eluniversal.com.co,6,34
10bb8716e4a8f2fec8c69ea5b9809e0d,"Ahora que resido en España y que no creo que llegue ningún motorista a la puerta de mi casa a explicarme de modo expeditivo lo poco que mis ideas han gustado a ese tipo de personas, al que tus ideas no deben disgustar, puedo explicarles una propuesta que lanzo para luchar contra la corrupción en Colombia: que el Estado se comprometa a premiar con un 10% de lo recuperado a todo aquel que denuncie un escándalo de corrupción aportando pruebas que permitan recuperar lo robado al erario público.",10% por denunciar corrupción,https://www.eluniversal.com.co/opinion/columna/10-por-denunciar-corrupcion-FD6027315,eluniversal,www.eluniversal.com.co,2,40
38ea3ffdc23184bd6db61c0e445d5e29,"La adicción a las redes sociales es una realidad para 40% de los colombianos que pasan de 4 a 6 horas al día en aplicaciones como Instagram, Facebook, Twitter, YouTube o TikTok. Durante la pandemia, estas plataformas han proporcionado una conexión fundamental para los usuarios de todas las edades, pues 56% de los colombianos asegura que a raíz de los confinamientos pasan mucho más tiempo conectados en redes, situación que, si bien genera sentimientos positivos y entretenimiento, también compromete la salud mental y los datos personales de los internautas.","Superar afición a redes sociales, propósito por cumplir",https://www.eluniversal.com.co/viernes/superar-aficion-a-redes-sociales-proposito-por-cumplir-CD6005073,eluniversal,www.eluniversal.com.co,6,44
d4c883b41d87e4ea0c24022e6d89c4f0,"Este nuevo proyecto de la familia morros en Serena del Mar, logra la fusión perfecta entre un condominio con acceso directo a la playa y una arquitectura que privilegia el contacto con la naturaleza.",Nuevo proyecto con salida directa al mar,https://www.eluniversal.com.co/informe-empresarial/nuevo-proyecto-con-salida-directa-al-mar-CK5950343,eluniversal,www.eluniversal.com.co,5,17
669f25a11dc22a72fb657610e77067d8,"Carlos Mattos se encuentra internado en la Clínica Santa Fe luego de que fuera trasladado el pasado fin de semana, bajo absoluta reserva, por problemas de salud.Así lo dio a conocer a Colprensa una fuente del Instituto Nacional Penitenciario y Carcelario (Inpec), quien señaló que el día del trasladado Mattos presentaba mucha fiebre, por lo que fue necesario trasladarlo de urgencias. Esto teniendo en cuenta las complicaciones de salud con las que vive.",Carlos Mattos se encuentra en la Clínica Santa Fe por problemas de salud,https://www.eluniversal.com.co/colombia/carlos-mattos-se-encuentra-en-la-clinica-santa-fe-por-problemas-de-salud-FI6028777,eluniversal,www.eluniversal.com.co,8,39
7c3a0dfc4fd1d1410b571f264d9d0300,"Tras el accidente que llevó al quirófano al ciclista Egan Bernal, los destacados ciclistas colombianos Nairo Quintana y Rigoberto Urán le enviaron mensajes de apoyo a través de sus cuentas de Twitter. Le puede interesar: A Egan Bernal le tratan una infección y contusión pulmonar","Nairo Quintana: “Siempre es posible levantarse, abrazo y fortaleza Egan”",https://www.eluniversal.com.co/deportes/nairo-quintana-siempre-es-posible-levantarse-abrazo-y-fortaleza-egan-XJ6029231,eluniversal,www.eluniversal.com.co,8,28
9856b0abeb8a42829f83394de7c46c50,"El agotamiento emocional, la falta de realización personal y despersonalización, son consecuencias del llamado síndrome del burnout, una alteración conocida también como el síndrome del trabajador quemado, que se produce debido al estrés patológico (o distrés) en el ámbito del trabajo y, según indica Joaquín Mateu Mollá, doctor en Psicología Clínica y de la Salud y docente de VIU – Universidad Internacional de Valencia, quienes lo sufren tardan bastante tiempo en detectarlo.",¿Qué es el síndrome del burnout? ,https://www.eluniversal.com.co/viernes/que-es-el-sindrome-del-burnout-BD6005300,eluniversal,www.eluniversal.com.co,2,41
270f8c052c32a47a7b4b0aeb750bbe50,"El Curita, reconocido mantero oriundo de la ciudad de Cartagena, se encuentra fuera de peligro, tras resultar herido por un toro en la última tarde de corralejas de la ciudad de Sincelejo.","El Curita, mantero cartagenero, fuera de peligro tras ser corneado",https://www.eluniversal.com.co/sucesos/el-curita-mantero-cartagenero-fuera-de-peligro-tras-ser-corneado-LE6024278,eluniversal,www.eluniversal.com.co,7,17
210095dd0e86abfdb8db6df00d79a42e,"En el editorial del viernes nos referimos al discurso con el que en la noche del miércoles el alcalde William Dau volvió a cuestionar enérgicamente a los organismos de control locales y nacionales, por la ausencia de resultados frente a las denuncias que su administración ha formulado contra distintos ciudadanos que han ocupado cargos en las administraciones locales y regionales.",Las formas y el fondo,https://www.eluniversal.com.co/opinion/editorial/las-formas-y-el-fondo-DD6014577,eluniversal,www.eluniversal.com.co,2,29
e6620fa238f6f107e99a53162ed701ff,"La Organización Mundial de la Salud (OMS) ha recomendado poner el acento en investigar la versión BA.2 de la variante ómicron, que se está propagando rápidamente en el mundo y de la que se desconoce el impacto que podría tener en la evolución de la pandemia de COVID-19. (Lea aquí: OMS anunciará plan de transición de pandemia a “fase de control”)",OMS recomienda priorizar investigación de la versión BA.2 de ómicron,https://www.eluniversal.com.co/salud/oms-recomienda-priorizar-investigacion-de-la-version-ba-2-de-omicron-BI6028892,eluniversal,www.eluniversal.com.co,6,29
7f93d88a359a8dccf5cf29a59390319c,"Conmovida por la historia que había escuchado durante las últimas 48 horas, la juez 14 de control de garantías de Bogotá le confesó al sindicado Jhonier Leal su sorpresa: él había asesinado a su madre, mientras “otros, como yo, daríamos lo que fuera por tener con vida a la nuestra”.","Un Caín que no solo mató a Abel, sino a Eva",https://www.eluniversal.com.co/suplementos/facetas/un-cain-que-no-solo-mato-a-abel-sino-a-eva-AB6012354,eluniversal,www.eluniversal.com.co,6,20
52615a73485de422937e4219cedf7810,El Kremlin expresó hoy su preocupación por la decisión de Estados Unidos de poner en “alerta elevada” a 8.500 soldados ante un eventual despliegue en el este de Europa por la escalada de la tensión con Rusia en torno a Ucrania.,Rusia preocupada por puesta en alerta de tropas de EE.UU.,https://www.eluniversal.com.co/mundo/rusia-preocupada-por-puesta-en-alerta-de-tropas-de-ee-uu-ED6027723,eluniversal,www.eluniversal.com.co,5,18
31c75cb1c43a1dbce3c08e2c38115bd2,"Cuando las clínicas abrieron nuevamente sus quirófanos a otros procedimientos y la vacunación avanza y brinda confianza a médicos y pacientes, las cirugías plásticas con fines funcionales y estéticos vuelven a ser esa medida a la que muchas personas recurren para lucir el físico que siempre han deseado.",Qué hacer si quiere practicarse una cirugía plástica en Cartagena,https://www.eluniversal.com.co/salud/que-hacer-si-quiere-practicarse-una-cirugia-plastica-en-cartagena-BA5893506,eluniversal,www.eluniversal.com.co,7,26
f943a869dd987a0ffa1045c1f62510ba,"Un nuevo video de discriminación le da la vuelta a las redes sociales. Se trata de Stephanie Mendoza Vargas, exreina del Carnaval de 2017, quien contó lo que le pasó a los 18 años, cuando estudiaba en la Universidad de Los Andes, en Bogotá, solo por tener acento costeño.",Exreina del Carnaval reveló que fue discriminada por su acento costeño ,https://www.eluniversal.com.co/farandula/exreina-del-carnaval-revelo-que-fue-discriminada-por-su-acento-costeno-NI6028852,eluniversal,www.eluniversal.com.co,6,24
b59f7148a4b8f2c90c4263940f20180b,"La Coalición de la Centro Esperanza informó, en voz de la candidata al Senado por el Nuevo Liberalismo, Mabel Lara, que se mantendrán unidos y con los mismos siete precandidatos a la Presidencia.",Coalición de La Esperanza reitera que seguirán los 8 candidatos,https://www.eluniversal.com.co/politica/coalicion-de-la-esperanza-reitera-que-seguiran-los-8-candidatos-EC6026314,eluniversal,www.eluniversal.com.co,5,17
3cef308da945f4887dc8a410869f9d5b,"Varias familias en Olaya Herrera decidieron apostarle a los patios productivos como una fuente de ingresos. Gracias a eso, sus cosechas ahora se venden en reconocidos restaurantes y muchos pasaron de la informalidad a la sostenibilidad.",[Video] Cosechas que cambian vidas en Olaya Herrera,https://www.eluniversal.com.co/multimedia/video-cosechas-que-cambian-vidas-en-olaya-herrera-JE5600946,eluniversal,www.eluniversal.com.co,6,19
1e95af044704f463ed4723331874c26b,"Las quejas por las fallas en varios semáforos de Cartagena continúan. Desde hace algunos días, conductores vienen reportando que los semáforos que están en la glorieta de Bazurto, en María Auxiliadora y La Tenaza no funcionan, lo que dificulta la movilidad vehicular y peatonal en dichas zonas e incluso causa accidentes.",Semáforos en la rotonda de Bazurto seguirán sin servicio,https://www.eluniversal.com.co/cartagena/semaforos-en-la-rotonda-de-bazurto-seguiran-sin-servicio-GD6027019,eluniversal,www.eluniversal.com.co,5,27
d3de6b3be3d45bf5fcaff3f1bfa1a996,"Luego de las renuncias de David Múnera, secretario del Interior y Convivencia Ciudadana; Saia Vergara, exdirectora del IPCC; y Mercedes García Escallón, directora de la cárcel de mujeres, quienes adujeron motivos personales, el alcalde William Dau aceptó la carta de renuncia al gerente de Espacio Público.",Renuncia el gerente de Espacio Público y Movilidad de la Alcaldía de Cartagena,https://www.eluniversal.com.co/politica/renuncia-el-gerente-de-espacio-publico-y-movilidad-de-la-alcaldia-de-cartagena-XC6026132,eluniversal,www.eluniversal.com.co,7,30
e30ca72a9cbe42eb38149e4d2d805e98,"Nelson Mandela es el tercer barrio de Cartagena con el mayor número de partos adolescentes, por detrás de Olaya y El Pozón. Con el fin de atender esta realidad y brindarle una mano a estas jóvenes, Ana Mayda Torres creó la fundación “Sonrisas y Amor”, la cual las apoya durante y después de su embarazo. Esta es la historia. (Lea aquí: Sonrisas y Amor para las madres de Nelson Mandela)","[Video] Ana, la mujer que ayuda a las madres adolescentes de Nelson Mandela",https://www.eluniversal.com.co/multimedia/video-ana-la-mujer-que-ayuda-a-las-madres-adolescentes-de-nelson-mandela-XN5780088,eluniversal,www.eluniversal.com.co,8,36
54660187c21f7b1ea57ff6fe529d151c,"La multinacional de servicios financieros y tarjetas de crédito American Express obtuvo un beneficio de 8.060 millones de dólares en 2021, un 157 % más respecto al ejercicio anterior, cuando sus beneficios sumaron 3.135 millones.","American Express ganó 8.060 millones en 2021, un 157 % más que en 2020",https://www.eluniversal.com.co/mundo/american-express-gano-8060-millones-en-2021-un-157-mas-que-en-2020-XJ6029088,eluniversal,www.eluniversal.com.co,4,17
987d3d2d9179d23b91af1d9483f4c885,"El momento que vive no es fácil, la situación no es sencilla, el accidente que tuvo Egan Bernal, vigente campeón del Giro de Italia, pone en peligro su actuación en 2022 en los distintos eventos. Lea aquí: Valverde y Contador desean “una pronta recuperación” a Egan Bernal",Egan Bernal fue operado de manera exitosa,https://www.eluniversal.com.co/deportes/egan-bernal-fue-operado-de-manera-exitosa-FD6027878,eluniversal,www.eluniversal.com.co,5,26
1e812b27269181f5944a0279c2daef8f,"Es sabido que la aromaterapia influye en la relajación, tan necesaria en estos tiempos de estrés. Los aceites esenciales tomaron la delantera en esta práctica y si se da el uso indicado, su beneficio puede tener alcances insospechados.","Humidificador, elemento imprescindible para la relajación",https://www.eluniversal.com.co/viernes/humidificador-elemento-imprescindible-para-la-relajacion-XI5921440,eluniversal,www.eluniversal.com.co,4,22
50347e0a02fddd2cbf37b3117ea3bc70,"Traumática resultó la protesta que realizaron propietarios y conductores de busetas de las rutas Ternera y Olaya Herrera ayer lunes, por cuenta del ‘plan tortuga’, como una réplica ampliada de la que hicieron el viernes pasado, cuando bloquearon la entrada al Centro Histórico.",El paro de buses,https://www.eluniversal.com.co/opinion/editorial/el-paro-de-buses-BD6027388,eluniversal,www.eluniversal.com.co,2,25
1ad234a8d6ee78e2d9463f50a4747fc5,Este lunes se conoció que en Cali iniciara un nuevo proceso de revocatoria de mandato contra el alcalde Jorge Iván Ospina. La audiencia en la que se conocerán detalles del nuevo Comité que liderará el proceso iniciará hacia las 2:30 p.m.,Surge nuevo proceso de revocatoria contra el alcalde de Cali,https://www.eluniversal.com.co/politica/surge-nuevo-proceso-de-revocatoria-contra-el-alcalde-de-cali-GD6027594,eluniversal,www.eluniversal.com.co,6,21
dae72ac214a3b9ae0b24d1ca4beff9cd,"Mientras espera poder retomar su gira de conciertos por Estados Unidos, aplazada por los nuevos repuntes en contagios COVID-19, Carlos Vives no deja de ser noticia.",Carlos Vives no abandona los primeros lugares,https://www.eluniversal.com.co/farandula/carlos-vives-no-abandona-los-primeros-lugares-EI6028701,eluniversal,www.eluniversal.com.co,5,16
359bd88cd50f2c8c660d6e7aac2c781a,"Con la muerte de Junior Omar Medina Mármol tres días después de ser baleado junto a su mamá en la puerta de su casa, en el barrio El Líbano, son 25 los homicidios ocurridos en los primeros 24 días del año en Cartagena y sus corregimientos.","En enero, 25 homicidios en Cartagena: 12 sicariatos, 12 riñas y 1 atraco",https://www.eluniversal.com.co/sucesos/en-enero-25-homicidios-en-cartagena-12-sicariatos-12-rinas-y-1-atraco-KE6024936,eluniversal,www.eluniversal.com.co,6,23
890a31b7f68efcd55a1a1577b7edbf25,"El proceso para la demolición del edificio Aquarela, que se construyó en cercanías del Castillo San Felipe y que ha causado polémica debido a que amenaza el título de Patrimonio de la Humanidad de Cartagena, dio un nuevo paso.",Aquarela: abren proceso de selección para consultoría de demolición,https://www.eluniversal.com.co/cartagena/aquarela-abren-proceso-de-seleccion-para-consultoria-de-demolicion-EG6019273,eluniversal,www.eluniversal.com.co,6,20
ec2138210c634387179c20ae20571080,"Será la undécima subasta de libros de esta casa de subastas, que contará con 319 lotes, de los cuales, 67 lotes tendrán un precio de salida de 20 mil pesos y ya están disponibles para pujas en www.bogotaauctions.com.",Este jueves se subastará obra de Gabriel García Márquez,https://www.eluniversal.com.co/colombia/este-jueves-se-subastara-obra-de-gabriel-garcia-marquez-CI6028217,eluniversal,www.eluniversal.com.co,6,15
81d034e6f3513afdf7c88350cbd947eb,A partir de este sábado 29 de enero iniciará a regir la Ley de Garantías con la cual se suspenderá a lo largo de seis meses la contratación pública en concordancia con la cercanía a la temporada electoral para la Presidencia de la República.,Este sábado 29 de enero se suspende contratación por ley de garantías,https://www.eluniversal.com.co/colombia/este-sabado-29-de-enero-se-suspende-contratacion-por-ley-de-garantias-GD6027945,eluniversal,www.eluniversal.com.co,6,19
a44e5c4f5e9ca5374537b231b5a334bc,"Definitivamente la tecnología es parte esencial de esta nueva generación, una relación que se evidencia en la actividad que mantienen los niños y que tienen presente en sus estudios y en muchos ámbitos de su vida.",Generación Alfa llega a desplazar a Millennials y Centennials,https://www.eluniversal.com.co/viernes/generacion-alfa-llega-a-desplazar-a-millennials-y-centennials-LD6005159,eluniversal,www.eluniversal.com.co,6,15
ad10f5cb6dd6dbd376b8288631ad7ba1,"Criticábamos en la columna pasada el silencio sepulcral del Concejo Distrital frente a la noticia de la captura de su presidenta, Gloria Estrada, quien iba junto a su novio y un acompañante en una camioneta que transportaba un kilo de cocaína y un arma de fuego sin permiso vigente.",Concejo en crisis,https://www.eluniversal.com.co/opinion/columna/concejo-en-crisis-AD6014354,eluniversal,www.eluniversal.com.co,2,25
550c212d9a6e026ef46f859327ae39bc,El Consejo Gremial Nacional (CGN) le hizo una invitación a los candidatos que aspiran a llegar al Congreso y a la Presidencia de Colombia a ser más propositivos con las propuestas que les están presentando a los colombianos en los temas más importantes para la población.,Consejo gremial pide a candidatos ser más propositivos frente a temas relevantes,https://www.eluniversal.com.co/colombia/consejo-gremial-pide-a-candidatos-ser-mas-propositivos-frente-a-temas-relevantes-CI6028105,eluniversal,www.eluniversal.com.co,9,20
8e73277abd1ffea57f815493ba9cfebe,"Siempre he creído que, en el escudo nacional, deberían remplazar al majestuoso Cóndor por el silencioso y olvidadizo golero.",Memoria de golero,https://www.eluniversal.com.co/opinion/columna/memoria-de-golero-CE6017602,eluniversal,www.eluniversal.com.co,2,11
506dc7e4d15f46d5ea6173ded03e0cfc,"Rompiendo paradigmas, así ha vivido la piloto profesional colombiana Tatiana Calderón, quien sólo requirió de 5 minutos para enamorarse perdidamente de las pistas y entender que a partir de allí, su vida sería a una velocidad inusual, al menos dentro de lo que se ha contemplado para las mujeres.","Tatiana Calderón, el triunfo a toda velocidad",https://www.eluniversal.com.co/viernes/tatiana-calderon-el-triunfo-a-toda-velocidad-DD6005371,eluniversal,www.eluniversal.com.co,5,25
3742d7724fd3d482c7b52feedea9118e,"El Brigadier General Luis Carlos Hernández Aldana, comandante de la Policía Metropolitana de Barranquilla, durante la presentación del balance de los operativos realizados en la capital del Atlántico y su área metropolitana, al centro de atención se recibieron 6.751 llamadas, de las cuales 546 estaban relacionadas con riña.",Durante el fin de semana se reportaron 546 riñas en Barranquilla,https://www.eluniversal.com.co/regional/durante-el-fin-de-semana-se-reportaron-546-rinas-en-barranquilla-DB6021498,eluniversal,www.eluniversal.com.co,5,25
3df15528a2b289630e11ceafe17ae08e,"Los colombianos Camilo y J Balvin, y el mexicano Christian Nodal, con 10 nominaciones cada uno, se presentarán el próximo 24 de febrero como los máximos favoritos en la trigésimo cuarta edición de la gala de Premio Lo Nuestro, que se celebrará en Miami, informó este martes la cadena Univision.","Camilo y J Balvin, entre los más nominados en Premio Lo Nuestro 2022",https://www.eluniversal.com.co/farandula/camilo-y-j-balvin-entre-los-mas-nominados-en-premio-lo-nuestro-2022-LJ6029184,eluniversal,www.eluniversal.com.co,5,25
20e2d927ccf671c76498b1e4a727cc9f,"El gobernador de Córdoba, Orlando Benítez Mora, le solicitó formalmente a la Superintendencia Nacional de Salud que le devuelva los dos hospitales que están intervenidos en la actualidad, que son el San Jerónimo de Montería y el Sandiego de Cereté.",Gobernador pidió a la Súper que le devuelva dos hospitales intervenidos,https://www.eluniversal.com.co/regional/gobernador-pidio-a-la-super-que-le-devuelva-dos-hospitales-intervenidos-AA6020893,eluniversal,www.eluniversal.com.co,7,20
86e4c097d2e39fe0fe62f52fcd701fc4,"Las Zonas Francas se han convertido en un mecanismo para el desarrollo, que promueven la competitividad de nuestro país y en especial de nuestra ciudad y departamento por el estímulo al crecimiento económico y social.","Zonas Francas, un instrumento para la competitividad",https://www.eluniversal.com.co/opinion/columna/zonas-francas-XD6027264,eluniversal,www.eluniversal.com.co,4,15
2de3583680687c47aab8a0f663897c4a,Al parecer el famoso “aló” que daba inicio a las llamadas telefónicas pasará a ser una de esas palabras que quedan en el olvido; ¿el motivo? las nuevas generaciones dejaron de usar el audio para dedicarse a largas conversaciones a través de aplicaciones de mensajería instantánea.,El Whatsapp destronó a las llamadas telefónicas,https://www.eluniversal.com.co/viernes/el-whatsapp-destrono-a-las-llamadas-telefonicas-BI5921366,eluniversal,www.eluniversal.com.co,4,25
3aa32789f6ea1dcd5ff667e67914f1b4,"El candidato del Pacto Histórico y uno de los favoritos en las encuestas para las elecciones presidenciales de este 2022, Gustavo Petro, aseguró que en su eventual gobierno no habría cabida a las expropiaciones.",Petro dice que en su gobierno “no hay cabida a las expropiaciones”,https://www.eluniversal.com.co/politica/petro-dice-que-en-su-gobierno-no-hay-cabida-a-las-expropiaciones-DD6014216,eluniversal,www.eluniversal.com.co,5,14
69a13caf1658f56f2cd414021f59cf0d,"La Agencia Nacional de Infraestructura (ANI) confirmó que los pliegos definitivos para el macroproyecto del canal del Dique serían publicados a fin de mes; sin embargo, se espera primero la aprobación de vigencias futuras por parte del Ministerio de Hacienda.  (Lea: Pliegos definitivos de APP del canal del Dique se publicarán a final de mes)",Proyecto del Dique espera la aprobación de vigencias futuras,https://www.eluniversal.com.co/cartagena/proyecto-del-dique-espera-la-aprobacion-de-vigencias-futuras-NI6028249,eluniversal,www.eluniversal.com.co,6,31
034368b5e8cf5c81c7200154a7d84550,"La policía de Londres está investigando varias fiestas celebradas durante la cuarentena en Downing Street, la oficina y residencia oficial del primer ministro británico, según anunció el martes.",Policía de Londres investiga fiestas en oficina de Johnson,https://www.eluniversal.com.co/mundo/policia-de-londres-investiga-fiestas-en-oficina-de-johnson-DD6027775,eluniversal,www.eluniversal.com.co,6,18
4a35f7dda1755df859f6bbbf439639f6,"La discusión sobre el aborto tiene múltiples perspectivas; pero, de todas, las que más peso han tenido en el debate público son las que menos favorecen una resolución de fondo en lo judicial; esto es, las ideológicas y las religiosas.",Despenalización total del aborto,https://www.eluniversal.com.co/opinion/editorial/despenalizacion-total-del-aborto-AE6017534,eluniversal,www.eluniversal.com.co,3,15
0bd851980740c379d0a32cecc657b8fe,El miércoles en la noche alcalde William Dau volvió a cuestionar enérgicamente a los organismos de control locales y nacionales por la ausencia de resultados frente a las denuncias que su administración ha formulado contra distintos ciudadanos que han ocupado cargos en las administraciones local y regional.,El fondo y la forma,https://www.eluniversal.com.co/opinion/editorial/el-fondo-y-la-forma-XE6006624,eluniversal,www.eluniversal.com.co,2,25
d9c7cdf5cfbc69b34575285094e06d95,"“Tengo a mis tres hijos y mis dos sobrinos presos”, dice a DW Emilio Román. A un tercer sobrino, “le dieron una fianza de dos mil pesos y lo soltaron, porque las cámaras lo vieron en el grupo, pero no tirando piedras”, agrega desde el barrio periférico habanero de La Güinera. Allí vivía Diubis L.Tejeda, el único muerto que reconoce el Gobierno, por un disparo policial en choques que dejaron también varios heridos, durante las masivas protestas del 11 y 12 de julio de 2021 (11J), en más de 60 localidades de Cuba. Lea aquí: Un muerto en las protestas antigubernamentales en Cuba",Juicios por protestas: “En Cuba hay niños presos políticos”,https://www.eluniversal.com.co/suplementos/facetas/juicios-por-protestas-en-cuba-hay-ninos-presos-politicos-NH6018359,eluniversal,www.eluniversal.com.co,6,51
dd5ead2159c6037107702a540bbe942c,"Un examen usado por las universidades estadounidenses para admitir estudiantes ya no será con papel y lápiz, sino en formato digital, anunciaron autoridades el martes.",EE. UU.: Examen de ingreso universitario ahora será digital,https://www.eluniversal.com.co/mundo/ee-uu-examen-de-ingreso-universitario-ahora-sera-digital-DI6028621,eluniversal,www.eluniversal.com.co,7,14
896766d3e9006fed654701919e155a92,"Enfrentarse solo a la vida no es fácil, y si tienes 70 años lo es aún menos. María lucha cada día para sobrevivir entre maderos viejos que, aun consumidos por insectos, soportan a duras penas las láminas de zinc que la protegen de la intemperie. (Lea aquí: Sola y con su casa a punto de caer, así es la vida de María Encarnación)","[Video] Entre la pobreza y la soledad, así es la vida de María Encarnación",https://www.eluniversal.com.co/multimedia/video-entre-la-pobreza-y-la-soledad-asi-es-la-vida-de-maria-encarnacion-DA5705775,eluniversal,www.eluniversal.com.co,7,35
6457d06b186353e15f01e2693932338e,"Este miércoles, a las 5 de la tarde, en el Hotel Casa de Las Palmas (en Getsemaní), se relanzará la Tertulia del Bodegón, actividad coordinada por el periodista Eduardo García Martínez, dentro de la reapertura de la Fundación Casa de Poesía Luis Carlos López. Le puede interesar: Dos obras de teatro brillarán esta noche en Cartagena.",Renace Tertulia del Bodegón en Cartagena con un homenaje,https://www.eluniversal.com.co/cultural/renace-tertulia-del-bodegon-en-cartagena-con-un-homenaje-AI6028938,eluniversal,www.eluniversal.com.co,5,31
fe6e3c481b0b312545822234f9b6133c,"Este lunes 24 de enero, el Ministerio de Salud y Protección Social confirmó 1.093 nuevos contagios de COVID-19 en Cartagena, para un total de 154.378 desde que se inició la pandemia.",COVID-19: conozca el reporte de este lunes 24 de enero,https://www.eluniversal.com.co/cartagena/covid-19-conozca-el-reporte-de-este-lunes-24-de-enero-FC6026456,eluniversal,www.eluniversal.com.co,4,13
4f65357371366d2c831495ba410d36ed,"24 días lleva 2022 y la ciudad no ha escapado de la polémica, tristemente normalizada, en el ámbito político. La presidenta del Concejo, Gloria Estrada, hoy se encuentra detenida en su residencia mientras es investigada por el delito de tráfico y porte de estupefacientes; William Dau, primera autoridad de Cartagena, ha estado inmerso en diversas controversias relacionadas a sus señalamientos sobre la corrupción de distintos entes de control nacionales. Y desde la sede de su entidad, el contralor distrital, Rafael Castillo Fortich, denunció un plan para atentar contra su vida.",Más cambios en el gabinete de Dau: se va el secretario de Planeación,https://www.eluniversal.com.co/politica/mas-cambios-en-el-gabinete-de-dau-se-va-el-secretario-de-planeacion-LE6024827,eluniversal,www.eluniversal.com.co,6,49
af2c14ffa495f68d24b39821c7237e2e,"¿Qué va a pasar cuando no estemos? Yo, con ganas de irme a vivir a otro país, a Suiza, por ejemplo, cansado de la corrupción y la violencia del narcotráfico en Colombia. Salvatore, en uso de buen retiro, 82 años, ya es hora de descansar. Temo que esto sucederá en algún momento, por la incertidumbre de no ser estable sin la más mínima ayuda estatal.",Cuanta incertidumbre,https://www.eluniversal.com.co/opinion/columna/cuanta-incertidumbre-JE6017568,eluniversal,www.eluniversal.com.co,2,30
20b0fac9a1ed10ed4b2a3986f8f520ee,"No termina enero y Simeón Delgado, muerto en el atentado con carro bomba en Saravena, es la víctima número 25 de la violencia que se ha ensañado con los araucanos y que no es de hoy. Hace diez años, en este mismo espacio, le pedía al ministro de Defensa, Juan Carlos Pinzón, crear en Arauca una “Zona de Alta Vigilancia Militar” para neutralizar al Eln, ya acantonado en Venezuela con la bendición de Chávez.","Arauca, víctima del narcoterrorismo",https://www.eluniversal.com.co/opinion/columna/victima-del-narcoterrorismo-MD6014439,eluniversal,www.eluniversal.com.co,3,38
8a3839994b95e1c896145b93cc17d079,Rusia y China dieron este martes un paso más hacia la construcción de un gasoducto a través del territorio de Mongolia tras aprobar las autoridades rusas y mongolas un estudio sobre la viabilidad del proyecto.,Rusia y China dan paso más hacia construcción de gasoducto a través Mongolia,https://www.eluniversal.com.co/mundo/rusia-y-china-dan-paso-mas-hacia-construccion-de-gasoducto-a-traves-mongolia-FJ6029106,eluniversal,www.eluniversal.com.co,9,19
dd3112326bb0791db32cab284a32a258,"Un sismo de magnitud 2,7 se registró hacia las 4:27 de la tarde en el departamento de Bolívar.","Reportan sismo en Barranco de Loba, Bolívar ",https://www.eluniversal.com.co/regional/reportan-sismo-en-barranco-de-loba-bolivar-FC6026474,eluniversal,www.eluniversal.com.co,5,7
d0f7dab810475c2eaa0479b7545c2b6d,Como Rafael Eduardo Pino Castillo fue identificado el sujeto que la noche del domingo participó en una riña y lamentablemente perdió la vida. Lea aquí: Lo matan en Pasacaballos: “Al ‘Cachaco’ le cumplieron la amenaza”,Riña comenzó en Bayunca y terminó en Pontezuela: murió de una cuchillada,https://www.eluniversal.com.co/sucesos/rina-comenzo-en-bayunca-y-termino-en-pontezuela-murio-de-una-cuchillada-HE6024786,eluniversal,www.eluniversal.com.co,7,20
2e4d819b0d8e54f424dd86441c10e266,"Barrio Nuevo, un sector ubicado entre Henequén y El Reposo vive entre aguas residuales, vías dañadas e inseguridad. El Universal conversó con sus habitantes. (Lea aquí: Barrio Nuevo, un sector que quiere ser reconocido en Cartagena)","[Video] Barrio Nuevo, un sector que pide más atención en Cartagena",https://www.eluniversal.com.co/multimedia/video-barrio-nuevo-un-sector-que-pide-mas-atencion-en-cartagena-YG5679203,eluniversal,www.eluniversal.com.co,7,24
b766f85867135a4aa9244802203941e9,"Con la partida de Bernardo Caraballo se fue buena parte de lo mejor de la historia del deporte cartagenero y, singularmente, el que más glorias, junto con el béisbol, le ha dado a la ciudad: el boxeo.",El gran Caraballo,https://www.eluniversal.com.co/opinion/editorial/el-gran-caraballo-DX6011225,eluniversal,www.eluniversal.com.co,2,16
28e53164bb7c606eb73d94a287441fde,Un duro pronunciamiento a las entidades que integran el Sistema Integral para la Paz formuló el Gobierno nacional al responder a la petición que formularon desde la semana pasada para “buscar soluciones al conflicto armado que afecta al departamento de Arauca”.,La petición del Gobierno a justicia transicional sobre el Ejecutivo,https://www.eluniversal.com.co/colombia/la-peticion-del-gobierno-a-justicia-transicional-sobre-el-ejecutivo-FD6027502,eluniversal,www.eluniversal.com.co,5,22
c6d1d9be3a25450e721be2a0cc47f4d2,"El reciente cambio en la dirección del Instituto de Patrimonio y Cultura de Cartagena (IPCC) ha dado lugar a una serie de comentarios y expectativas, la mayoría expresando unas esperanzas o deseos de que se dé un viraje en los objetivos y prioridades de esta entidad. Algunas de las expectativas que se escuchan tienen que ver con la necesidad de visibilizar, fortalecer y apoyar las distintas manifestaciones de todo ese enorme potencial cultural que hay en toda la ciudad, partiendo del hecho, compartido ampliamente, que el rol desde la administración hacia la cultura es el de fortalecer todas las formas de expresión, el de propiciar la reflexión sobre quiénes somos, qué representamos como seres humanos, cómo estamos asumiendo la tarea de fortalecer el tejido social y hacia dónde avanzamos como colectividad.",Qué esperar de la cultura,https://www.eluniversal.com.co/opinion/columna/que-esperar-de-la-cultura-GE6017585,eluniversal,www.eluniversal.com.co,2,65
7344389c9a3817f4f0ea185ded67c37e,"Los artistas suelen reflejar en sus trabajos estados de ánimo, momentos de vida y en general sentimientos que le asalten al crear. A esto no escapa cualquiera que sea la disciplina que se adelante, y se manifiesta con mayor medida en la música.",Draco Rosa encuentra el poder sanador de la música,https://www.eluniversal.com.co/viernes/draco-rosa-encuentra-el-poder-sanador-de-la-musica-CI5921703,eluniversal,www.eluniversal.com.co,6,19
8d90d582f92960512193e86f6a8e33d4,"Tras ser finalista el año pasado en el formato Master Chef Celebrity, Frank Martínez, el Flaco, prepara para marzo una gira por Estados Unidos por ocho ciudades. Le puede interesar: Frank Martínez le pidió matrimonio a su novia en final de Masterchef",De gira internacional: Frank Martínez lleva su show a Estados Unidos,https://www.eluniversal.com.co/farandula/de-gira-internacional-frank-martinez-lleva-su-show-a-estados-unidos-LI6028805,eluniversal,www.eluniversal.com.co,7,27
8d2207f0383650ea9efc2d431cbf4282,"Pfizer ha iniciado un estudio comparativo entre su vacuna original contra el COVID-19 y las dosis modificadas especialmente para adaptarse a la nueva variante ómicron del coronavirus, que es mucho más contagiosa.",Pfizer inicia estudio de vacuna actualizada contra ómicron,https://www.eluniversal.com.co/mundo/pfizer-inicia-estudio-de-vacuna-actualizada-contra-omicron-CD6027895,eluniversal,www.eluniversal.com.co,6,15
70a3972d69f0c47369778b72ae7c2de6,"Lo que se quiere es calma, relajación y la imperturbable visión de que la anormalidad de estos dos años está llegando a su fin. Con esto como norte, hay elementos que suman a las vivencias y refuerzan el imaginario de que todo va por buen camino.",‘Very Peri’ inunda de color el 2022,https://www.eluniversal.com.co/viernes/very-peri-inunda-de-color-el-2022-DI5921612,eluniversal,www.eluniversal.com.co,4,19
69856f72363f19c42abdd7c8e02e37ba,"Amable, entregada, dispuesta, un poco introvertida y tímida, así es Mayerling Mendoza Fernández, más conocida en las redes sociales como Mael.books, una bookstagramer cartagenera que crea contenido asociado al mundo de los libros, pero para hablar de Mael primero debemos saber ¿qué es bookstagram?",Mael.Books: un sueño detrás de los libros,https://www.eluniversal.com.co/suplementos/facetas/mael-books-un-sueno-detras-de-los-libros-XG6019176,eluniversal,www.eluniversal.com.co,3,25
9086b80b8c7cfc4ea19f7d1b60903103,"A medida que el 2022 empieza, se conocen las predicciones de viaje para este año. Se evidencia un sentido de optimismo que está alimentando las ganas de vivir la nueva normalidad y volver a experimentar plenamente el mundo.","Ampliar el círculo social a través de los viajes, la nueva apuesta",https://www.eluniversal.com.co/viernes/ampliar-el-circulo-social-a-traves-de-los-viajes-la-nueva-apuesta-AD6005244,eluniversal,www.eluniversal.com.co,7,17
c8080e86e736912dd9ebcc2987b61cec,"Con un precedente exitoso en los años 2018 y 2019, donde se lograron alrededor de dos mil reservas y casi 6 mil comensales entre los 119 restaurantes participantes, vuelve el evento gastronómico que identifica a Cartagena, “Dónde Restaurante Week”.",A inscribirse en el Dónde Restaurant Week 2022,https://www.eluniversal.com.co/gastronomia/a-inscribirse-en-el-donde-restaurant-week-2022-KC6026149,eluniversal,www.eluniversal.com.co,4,21
6c1bbdec7e142d75357dcaa7b4884d56,"El artista multiplatino Harry Styles anuncia las fechas reprogramadas para su gira, además de nuevos espectáculos en todo el mundo. La colosal gira empezará por 32 ciudades con tres nuevas fechas en estadios en el Reino Unido, que tendrán lugar en junio y otros cuatro shows en estadios de Europa.",Harry Styles reprograma su gira y llega a Colombia,https://www.eluniversal.com.co/viernes/harry-styles-reprograma-su-gira-y-llega-a-colombia-KC6004905,eluniversal,www.eluniversal.com.co,6,28
ba3651ca069af97d63fa00095653f7a8,"Los casos de COVID-19 en el departamento de Sucre siguen en aumento y a la fecha hay 1.233 activos, de los cuales 1.187 se recuperan en casa, 27 hospitalizados y 19 personas están en UCI.",Sucre registra más de 1.200 casos activos de COVID-19,https://www.eluniversal.com.co/regional/sucre-registra-mas-de-1200-casos-activos-de-covid-19-BI6028056,eluniversal,www.eluniversal.com.co,4,13
5579cd5943d55e89dd519fc851f7d700,"El tiempo no regresa, eso está claro, sin embargo, lo bueno queda en la memoria y existen segundas partes, nuevas oportunidades y en televisión sí que se saben aprovechar. Rehacer los éxitos está de moda y el regreso de buenas producciones es inminente, obviamente con rostros nuevos que llegan a refrescar las historias y situarlas en el presente.","Jerónimo Cantillo, un rebelde con causa",https://www.eluniversal.com.co/viernes/jeronimo-cantillo-un-rebelde-con-causa-AI5974460,eluniversal,www.eluniversal.com.co,4,30
a8f6125e9b2f4c7831cbd2d567828ac8,"Hace unos días noté consternado a un amigo y colega por quien siento especial gratitud, aprecio y admiración. Los motivos de su molestia eran justos y razonables, de hecho, agobian a la mayoría de la gente que, como él, gozan de éxito personal y profesional. Se trata de la embestida mordaz de los envidiosos y criticones que, con la intención oscura de lacerar su nombre esparcieron intrigas acerca de su desempeño laboral. Esa lamentable situación me invitó a pensar sobre cómo debemos reaccionar ante los ataques que diariamente se reciben. O si nos debe importar y, hasta qué punto, lo que los demás piensan de nosotros.",Lo que dicen los demás,https://www.eluniversal.com.co/opinion/columna/lo-que-dicen-los-demas-BD6027298,eluniversal,www.eluniversal.com.co,2,53
3a81e8453470c7469a75d8be4b350d11,"El gobernador de Sucre, Héctor Olimpo Espinosa, mediante decreto 0037 de enero 18 de 2022, declaró la situación de calamidad pública durante 6 meses, para los municipios de las subregiones de la Mojana y el San Jorge, debido a que continúan las inundaciones por el punto conocido como Caregato.",Gobernador decreta nuevamente calamidad pública para la Mojana y el San Jorge,https://www.eluniversal.com.co/regional/gobernador-decreta-nuevamente-calamidad-publica-para-la-mojana-y-el-san-jorge-NF6025186,eluniversal,www.eluniversal.com.co,8,24
